Metric,Value
Steel Price P,187.7592641967232
Carbon Price W,0.0
Total Output,136.7260696645826
Total Emissions,390.900042247934
